{
  "sn_names": [
    "SN_00_L1",
    "SN_01_L7",
    "SN_02_L16_22",
    "SN_EMB_E_6037_4",
    "SN_EMB_E_2329_7",
    "SN_EMB_E_26865_9",
    "SN_LOGIT_27_22605_10"
  ],
  "sn_adj": [
    [
      0.0,
      -0.9765625,
      -0.5390625,
      0.0,
      0.0,
      0.0,
      0.0
    ],
    [
      0.0,
      0.0,
      1.6875,
      0.0,
      0.0,
      0.0,
      0.6875
    ],
    [
      0.0,
      0.0,
      0.0,
      0.0,
      0.0,
      0.0,
      8.591796875
    ],
    [
      0.0,
      0.0,
      7.85546875,
      0.0,
      0.0,
      0.0,
      -0.470703125
    ],
    [
      0.0,
      0.0,
      1.7119140625,
      0.0,
      0.0,
      0.0,
      0.431640625
    ],
    [
      9.6875,
      5.125,
      23.70703125,
      0.0,
      0.0,
      0.0,
      4.65625
    ],
    [
      0.0,
      0.0,
      0.0,
      0.0,
      0.0,
      0.0,
      0.0
    ]
  ],
  "F_sn": [
    [
      0.0,
      -0.9765625,
      -0.5390625,
      0.0,
      0.0,
      0.0,
      0.0
    ],
    [
      0.0,
      0.0,
      1.6875,
      0.0,
      0.0,
      0.0,
      0.6875
    ],
    [
      0.0,
      0.0,
      0.0,
      0.0,
      0.0,
      0.0,
      8.591796875
    ],
    [
      0.0,
      0.0,
      7.85546875,
      0.0,
      0.0,
      0.0,
      -0.470703125
    ],
    [
      0.0,
      0.0,
      1.7119140625,
      0.0,
      0.0,
      0.0,
      0.431640625
    ],
    [
      9.6875,
      5.125,
      23.70703125,
      0.0,
      0.0,
      0.0,
      4.65625
    ],
    [
      0.0,
      0.0,
      0.0,
      0.0,
      0.0,
      0.0,
      0.0
    ]
  ],
  "sn_reach": [
    0.0,
    0.6875,
    8.591796875,
    -0.470703125,
    0.431640625,
    4.65625,
    0.0
  ],
  "sn_act_norm": [
    0.20906666666666668,
    0.08,
    0.11662222222222222,
    0.5146870252821181,
    0.7041814507378472,
    0.2568538411458333,
    1.0
  ],
  "sn_inf": [
    0.0,
    0.6875,
    8.591796875,
    -0.470703125,
    0.431640625,
    4.65625,
    0.0
  ],
  "preservation": 0.9999999999999281,
  "orig_reach_total": 13.896484375,
  "surr_reach_total": 13.896484375,
  "inf_conservation": 0.9999999999999281,
  "edge_conservation": 0.9999999999999839,
  "dominant_paths": [
    {
      "src": "SN_EMB_E_26865_9",
      "tgt": "SN_02_L16_22",
      "weight": 23.70703125
    },
    {
      "src": "SN_EMB_E_26865_9",
      "tgt": "SN_00_L1",
      "weight": 9.6875
    },
    {
      "src": "SN_02_L16_22",
      "tgt": "SN_LOGIT_27_22605_10",
      "weight": 8.591796875
    },
    {
      "src": "SN_EMB_E_6037_4",
      "tgt": "SN_02_L16_22",
      "weight": 7.85546875
    },
    {
      "src": "SN_EMB_E_26865_9",
      "tgt": "SN_01_L7",
      "weight": 5.125
    }
  ],
  "bottleneck_sns": [
    "SN_02_L16_22"
  ]
}