{
  "sn_names": [
    "SN_00_L16_19",
    "SN_01_L19_22",
    "SN_02_L22_25",
    "SN_EMB_E_6037_4",
    "SN_EMB_E_2329_7",
    "SN_EMB_E_26865_9",
    "SN_LOGIT_27_22605_10"
  ],
  "sn_adj": [
    [
      0.0,
      188.39944458007812,
      87.44588470458984,
      0.0,
      0.0,
      0.0,
      0.6335847973823547
    ],
    [
      0.0,
      0.0,
      378.4423522949219,
      0.0,
      0.0,
      0.0,
      9.807476997375488
    ],
    [
      0.0,
      0.0,
      0.0,
      0.0,
      0.0,
      0.0,
      -2.25288724899292
    ],
    [
      90.63593292236328,
      84.20881652832031,
      23.504087448120117,
      0.0,
      0.0,
      0.0,
      -0.47556591033935547
    ],
    [
      45.72005844116211,
      48.25351333618164,
      26.45392608642578,
      0.0,
      0.0,
      0.0,
      0.42849838733673096
    ],
    [
      171.0404052734375,
      178.0465087890625,
      184.50502014160156,
      0.0,
      0.0,
      0.0,
      4.713507652282715
    ],
    [
      0.0,
      0.0,
      0.0,
      0.0,
      0.0,
      0.0,
      0.0
    ]
  ],
  "F_sn": [
    [
      0.0,
      188.39944458007812,
      87.44588470458984,
      0.0,
      0.0,
      0.0,
      0.6335847973823547
    ],
    [
      0.0,
      0.0,
      378.4423522949219,
      0.0,
      0.0,
      0.0,
      9.807476997375488
    ],
    [
      0.0,
      0.0,
      0.0,
      0.0,
      0.0,
      0.0,
      -2.25288724899292
    ],
    [
      90.63593292236328,
      84.20881652832031,
      23.504087448120117,
      0.0,
      0.0,
      0.0,
      -0.47556591033935547
    ],
    [
      45.72005844116211,
      48.25351333618164,
      26.45392608642578,
      0.0,
      0.0,
      0.0,
      0.42849838733673096
    ],
    [
      171.0404052734375,
      178.0465087890625,
      184.50502014160156,
      0.0,
      0.0,
      0.0,
      4.713507652282715
    ],
    [
      0.0,
      0.0,
      0.0,
      0.0,
      0.0,
      0.0,
      0.0
    ]
  ],
  "sn_reach": [
    0.6335847973823547,
    9.80747640132904,
    -2.2528874576091766,
    -0.47556591033935547,
    0.42849838733673096,
    4.713507652282715,
    0.0
  ],
  "sn_act_norm": [
    0.4784970340556076,
    0.5018341128896713,
    1.0,
    0.035615943160507424,
    0.195333426189539,
    0.14700107419435954,
    0.3863993158712452
  ],
  "sn_inf": [
    0.6335847973823547,
    9.80747640132904,
    -2.2528874576091766,
    -0.47556591033935547,
    0.42849838733673096,
    4.713507652282715,
    0.0
  ],
  "preservation": 0.9999999698605354,
  "orig_reach_total": 12.8546142578125,
  "surr_reach_total": 12.854613870382309,
  "inf_conservation": 0.9999999698605354,
  "edge_conservation": 0.9999999880163916,
  "dominant_paths": [
    {
      "src": "SN_01_L19_22",
      "tgt": "SN_02_L22_25",
      "weight": 378.4423522949219
    },
    {
      "src": "SN_00_L16_19",
      "tgt": "SN_01_L19_22",
      "weight": 188.39944458007812
    },
    {
      "src": "SN_EMB_E_26865_9",
      "tgt": "SN_02_L22_25",
      "weight": 184.50502014160156
    },
    {
      "src": "SN_EMB_E_26865_9",
      "tgt": "SN_01_L19_22",
      "weight": 178.0465087890625
    },
    {
      "src": "SN_EMB_E_26865_9",
      "tgt": "SN_00_L16_19",
      "weight": 171.0404052734375
    }
  ],
  "bottleneck_sns": [
    "SN_01_L19_22"
  ]
}