{
  "sn_names": [
    "SN_00_L1",
    "SN_01_L7",
    "SN_02_L16_17",
    "SN_03_L18_19",
    "SN_04_L20_22",
    "SN_05_L22",
    "SN_EMB_E_6037_4",
    "SN_EMB_E_2329_7",
    "SN_EMB_E_26865_9",
    "SN_LOGIT_27_22605_10"
  ],
  "sn_adj": [
    [
      0.0,
      -0.9765625,
      0.0,
      0.0,
      -0.5390625,
      0.0,
      0.0,
      0.0,
      0.0,
      0.0
    ],
    [
      0.0,
      0.0,
      0.48046875,
      0.0,
      1.20703125,
      0.0,
      0.0,
      0.0,
      0.0,
      0.6875
    ],
    [
      0.0,
      0.0,
      0.0,
      1.1875,
      2.6953125,
      0.447265625,
      0.0,
      0.0,
      0.0,
      2.2421875
    ],
    [
      0.0,
      0.0,
      0.0,
      0.0,
      0.9765625,
      0.0,
      0.0,
      0.0,
      0.0,
      1.5078125
    ],
    [
      0.0,
      0.0,
      0.0,
      0.0,
      0.0,
      2.71875,
      0.0,
      0.0,
      0.0,
      7.0234375
    ],
    [
      0.0,
      0.0,
      0.0,
      0.0,
      0.0,
      0.0,
      0.0,
      0.0,
      0.0,
      -2.181640625
    ],
    [
      0.0,
      0.0,
      2.24609375,
      2.380859375,
      2.794921875,
      0.43359375,
      0.0,
      0.0,
      0.0,
      -0.470703125
    ],
    [
      0.0,
      0.0,
      0.8154296875,
      0.0,
      0.896484375,
      0.0,
      0.0,
      0.0,
      0.0,
      0.431640625
    ],
    [
      9.6875,
      5.125,
      3.390625,
      2.234375,
      11.18359375,
      6.8984375,
      0.0,
      0.0,
      0.0,
      4.65625
    ],
    [
      0.0,
      0.0,
      0.0,
      0.0,
      0.0,
      0.0,
      0.0,
      0.0,
      0.0,
      0.0
    ]
  ],
  "F_sn": [
    [
      0.0,
      -0.9765625,
      0.0,
      0.0,
      -0.5390625,
      0.0,
      0.0,
      0.0,
      0.0,
      0.0
    ],
    [
      0.0,
      0.0,
      0.48046875,
      0.0,
      1.20703125,
      0.0,
      0.0,
      0.0,
      0.0,
      0.6875
    ],
    [
      0.0,
      0.0,
      0.0,
      1.1875,
      2.6953125,
      0.447265625,
      0.0,
      0.0,
      0.0,
      2.2421875
    ],
    [
      0.0,
      0.0,
      0.0,
      0.0,
      0.9765625,
      0.0,
      0.0,
      0.0,
      0.0,
      1.5078125
    ],
    [
      0.0,
      0.0,
      0.0,
      0.0,
      0.0,
      2.71875,
      0.0,
      0.0,
      0.0,
      7.0234375
    ],
    [
      0.0,
      0.0,
      0.0,
      0.0,
      0.0,
      0.0,
      0.0,
      0.0,
      0.0,
      -2.181640625
    ],
    [
      0.0,
      0.0,
      2.24609375,
      2.380859375,
      2.794921875,
      0.43359375,
      0.0,
      0.0,
      0.0,
      -0.470703125
    ],
    [
      0.0,
      0.0,
      0.8154296875,
      0.0,
      0.896484375,
      0.0,
      0.0,
      0.0,
      0.0,
      0.431640625
    ],
    [
      9.6875,
      5.125,
      3.390625,
      2.234375,
      11.18359375,
      6.8984375,
      0.0,
      0.0,
      0.0,
      4.65625
    ],
    [
      0.0,
      0.0,
      0.0,
      0.0,
      0.0,
      0.0,
      0.0,
      0.0,
      0.0,
      0.0
    ]
  ],
  "sn_reach": [
    0.0,
    0.6875,
    2.2421875,
    1.5078125,
    7.0234375,
    -2.181640625,
    -0.470703125,
    0.431640625,
    4.65625,
    0.0
  ],
  "sn_act_norm": [
    0.20906666666666668,
    0.08,
    0.05688888888888889,
    0.0896,
    0.10382222222222222,
    0.11662222222222222,
    0.5146870252821181,
    0.7041814507378472,
    0.2568538411458333,
    1.0
  ],
  "sn_inf": [
    0.0,
    0.6875,
    2.2421875,
    1.5078125,
    7.0234375,
    -2.181640625,
    -0.470703125,
    0.431640625,
    4.65625,
    0.0
  ],
  "preservation": 0.9999999999999281,
  "orig_reach_total": 13.896484375,
  "surr_reach_total": 13.896484375,
  "inf_conservation": 0.9999999999999281,
  "edge_conservation": 0.9999999999999858,
  "dominant_paths": [
    {
      "src": "SN_EMB_E_26865_9",
      "tgt": "SN_04_L20_22",
      "weight": 11.18359375
    },
    {
      "src": "SN_EMB_E_26865_9",
      "tgt": "SN_00_L1",
      "weight": 9.6875
    },
    {
      "src": "SN_04_L20_22",
      "tgt": "SN_LOGIT_27_22605_10",
      "weight": 7.0234375
    },
    {
      "src": "SN_EMB_E_26865_9",
      "tgt": "SN_05_L22",
      "weight": 6.8984375
    },
    {
      "src": "SN_EMB_E_26865_9",
      "tgt": "SN_01_L7",
      "weight": 5.125
    }
  ],
  "bottleneck_sns": [
    "SN_04_L20_22"
  ]
}