{
  "sn_names": [
    "SN_00_L1",
    "SN_01_L7",
    "SN_02_L16",
    "SN_03_L17",
    "SN_04_L18",
    "SN_05_L18_19",
    "SN_06_L20_22",
    "SN_07_L20_21",
    "SN_08_L22",
    "SN_EMB",
    "SN_LOGIT"
  ],
  "sn_adj": [
    [
      0.0,
      -0.9765625,
      0.0,
      0.0,
      0.0,
      0.0,
      -0.5390625,
      0.0,
      0.0,
      0.0,
      0.0
    ],
    [
      0.0,
      0.0,
      0.48046875,
      0.0,
      0.0,
      0.0,
      1.20703125,
      0.0,
      0.0,
      0.0,
      0.6875
    ],
    [
      0.0,
      0.0,
      0.0,
      0.0,
      0.0,
      0.0,
      1.890625,
      0.0,
      0.447265625,
      0.0,
      1.0859375
    ],
    [
      0.0,
      0.0,
      0.0,
      0.0,
      0.0,
      1.1875,
      0.0,
      0.8046875,
      0.0,
      0.0,
      1.15625
    ],
    [
      0.0,
      0.0,
      0.0,
      0.0,
      0.0,
      0.0,
      0.0,
      0.0,
      0.0,
      0.0,
      -0.5234375
    ],
    [
      0.0,
      0.0,
      0.0,
      0.0,
      0.0,
      0.0,
      0.0,
      0.9765625,
      0.0,
      0.0,
      2.03125
    ],
    [
      0.0,
      0.0,
      0.0,
      0.0,
      0.0,
      0.0,
      0.0,
      0.98828125,
      2.71875,
      0.0,
      4.234375
    ],
    [
      0.0,
      0.0,
      0.0,
      0.0,
      0.0,
      0.0,
      0.66015625,
      0.0,
      0.0,
      0.0,
      2.7890625
    ],
    [
      0.0,
      0.0,
      0.0,
      0.0,
      0.0,
      0.0,
      0.0,
      0.0,
      0.0,
      0.0,
      -2.181640625
    ],
    [
      9.6875,
      5.125,
      3.6396484375,
      2.8125,
      2.234375,
      2.380859375,
      11.3046875,
      3.5703125,
      7.33203125,
      0.0,
      4.6171875
    ],
    [
      0.0,
      0.0,
      0.0,
      0.0,
      0.0,
      0.0,
      0.0,
      0.0,
      0.0,
      0.0,
      0.0
    ]
  ],
  "F_sn": [
    [
      0.0,
      -0.9765625,
      0.0,
      0.0,
      0.0,
      0.0,
      -0.5390625,
      0.0,
      0.0,
      0.0,
      0.0
    ],
    [
      0.0,
      0.0,
      0.48046875,
      0.0,
      0.0,
      0.0,
      1.20703125,
      0.0,
      0.0,
      0.0,
      0.6875
    ],
    [
      0.0,
      0.0,
      0.0,
      0.0,
      0.0,
      0.0,
      1.890625,
      0.0,
      0.447265625,
      0.0,
      1.0859375
    ],
    [
      0.0,
      0.0,
      0.0,
      0.0,
      0.0,
      1.1875,
      0.0,
      0.8046875,
      0.0,
      0.0,
      1.15625
    ],
    [
      0.0,
      0.0,
      0.0,
      0.0,
      0.0,
      0.0,
      0.0,
      0.0,
      0.0,
      0.0,
      -0.5234375
    ],
    [
      0.0,
      0.0,
      0.0,
      0.0,
      0.0,
      0.0,
      0.0,
      0.9765625,
      0.0,
      0.0,
      2.03125
    ],
    [
      0.0,
      0.0,
      0.0,
      0.0,
      0.0,
      0.0,
      0.0,
      0.98828125,
      2.71875,
      0.0,
      4.234375
    ],
    [
      0.0,
      0.0,
      0.0,
      0.0,
      0.0,
      0.0,
      0.66015625,
      0.0,
      0.0,
      0.0,
      2.7890625
    ],
    [
      0.0,
      0.0,
      0.0,
      0.0,
      0.0,
      0.0,
      0.0,
      0.0,
      0.0,
      0.0,
      -2.181640625
    ],
    [
      9.6875,
      5.125,
      3.6396484375,
      2.8125,
      2.234375,
      2.380859375,
      11.3046875,
      3.5703125,
      7.33203125,
      0.0,
      4.6171875
    ],
    [
      0.0,
      0.0,
      0.0,
      0.0,
      0.0,
      0.0,
      0.0,
      0.0,
      0.0,
      0.0,
      0.0
    ]
  ],
  "sn_reach": [
    0.4841025769710541,
    0.4604751169681549,
    0.40106865763664246,
    0.9912931025028229,
    0.5064738988876343,
    1.4742975234985352,
    1.2132750749588013,
    1.3163899779319763,
    1.4559298157691956,
    0.6485107839107513,
    0.0
  ],
  "sn_act_norm": [
    0.20906666666666668,
    0.08,
    0.05475555555555556,
    0.05688888888888889,
    0.051555555555555556,
    0.0896,
    0.09671111111111111,
    0.10382222222222222,
    0.11662222222222222,
    0.7041814507378472,
    1.0
  ],
  "sn_inf": [
    0.4841025769710541,
    0.4604751169681549,
    0.40106865763664246,
    0.9912931025028229,
    0.5064738988876343,
    1.4742975234985352,
    1.2132750749588013,
    1.3163899779319763,
    1.4559298157691956,
    0.6485107839107513,
    0.0
  ],
  "preservation": 0.9999999999998883,
  "orig_reach_total": 8.951816529035568,
  "surr_reach_total": 8.951816529035568,
  "inf_conservation": 0.9999999999998883,
  "edge_conservation": 0.9856348408710083,
  "dominant_paths": [
    {
      "src": "SN_EMB",
      "tgt": "SN_06_L20_22",
      "weight": 11.3046875
    },
    {
      "src": "SN_EMB",
      "tgt": "SN_00_L1",
      "weight": 9.6875
    },
    {
      "src": "SN_EMB",
      "tgt": "SN_08_L22",
      "weight": 7.33203125
    },
    {
      "src": "SN_EMB",
      "tgt": "SN_01_L7",
      "weight": 5.125
    },
    {
      "src": "SN_EMB",
      "tgt": "SN_LOGIT",
      "weight": 4.6171875
    }
  ],
  "bottleneck_sns": [
    "SN_00_L1",
    "SN_06_L20_22",
    "SN_07_L20_21",
    "SN_08_L22"
  ]
}