{
  "sn_names": [
    "SN_00_L1_7",
    "SN_01_L16",
    "SN_02_L17",
    "SN_03_L18",
    "SN_04_L18_19",
    "SN_05_L20_22",
    "SN_06_L22",
    "SN_EMB",
    "SN_LOGIT"
  ],
  "sn_adj": [
    [
      0.0,
      0.48046875,
      0.0,
      0.0,
      0.0,
      0.66796875,
      0.0,
      0.0,
      0.6875
    ],
    [
      0.0,
      0.0,
      0.0,
      0.0,
      0.0,
      1.890625,
      0.447265625,
      0.0,
      1.0859375
    ],
    [
      0.0,
      0.0,
      0.0,
      0.0,
      1.1875,
      0.8046875,
      0.0,
      0.0,
      1.15625
    ],
    [
      0.0,
      0.0,
      0.0,
      0.0,
      0.0,
      0.0,
      0.0,
      0.0,
      -0.5234375
    ],
    [
      0.0,
      0.0,
      0.0,
      0.0,
      0.0,
      0.9765625,
      0.0,
      0.0,
      2.03125
    ],
    [
      0.0,
      0.0,
      0.0,
      0.0,
      0.0,
      0.0,
      2.71875,
      0.0,
      7.0234375
    ],
    [
      0.0,
      0.0,
      0.0,
      0.0,
      0.0,
      0.0,
      0.0,
      0.0,
      -2.181640625
    ],
    [
      14.8125,
      3.6396484375,
      2.8125,
      2.234375,
      2.380859375,
      14.875,
      7.33203125,
      0.0,
      4.6171875
    ],
    [
      0.0,
      0.0,
      0.0,
      0.0,
      0.0,
      0.0,
      0.0,
      0.0,
      0.0
    ]
  ],
  "F_sn": [
    [
      0.0,
      0.48046875,
      0.0,
      0.0,
      0.0,
      0.66796875,
      0.0,
      0.0,
      0.6875
    ],
    [
      0.0,
      0.0,
      0.0,
      0.0,
      0.0,
      1.890625,
      0.447265625,
      0.0,
      1.0859375
    ],
    [
      0.0,
      0.0,
      0.0,
      0.0,
      1.1875,
      0.8046875,
      0.0,
      0.0,
      1.15625
    ],
    [
      0.0,
      0.0,
      0.0,
      0.0,
      0.0,
      0.0,
      0.0,
      0.0,
      -0.5234375
    ],
    [
      0.0,
      0.0,
      0.0,
      0.0,
      0.0,
      0.9765625,
      0.0,
      0.0,
      2.03125
    ],
    [
      0.0,
      0.0,
      0.0,
      0.0,
      0.0,
      0.0,
      2.71875,
      0.0,
      7.0234375
    ],
    [
      0.0,
      0.0,
      0.0,
      0.0,
      0.0,
      0.0,
      0.0,
      0.0,
      -2.181640625
    ],
    [
      14.8125,
      3.6396484375,
      2.8125,
      2.234375,
      2.380859375,
      14.875,
      7.33203125,
      0.0,
      4.6171875
    ],
    [
      0.0,
      0.0,
      0.0,
      0.0,
      0.0,
      0.0,
      0.0,
      0.0,
      0.0
    ]
  ],
  "sn_reach": [
    0.944577693939209,
    0.40106865763664246,
    0.9912931025028229,
    0.5064738988876343,
    1.4742975234985352,
    2.5296650528907776,
    1.4559298157691956,
    0.6485107839107513,
    0.0
  ],
  "sn_act_norm": [
    0.20906666666666668,
    0.05475555555555556,
    0.05688888888888889,
    0.051555555555555556,
    0.0896,
    0.10382222222222222,
    0.11662222222222222,
    0.7041814507378472,
    1.0
  ],
  "sn_inf": [
    0.944577693939209,
    0.40106865763664246,
    0.9912931025028229,
    0.5064738988876343,
    1.4742975234985352,
    2.5296650528907776,
    1.4559298157691956,
    0.6485107839107513,
    0.0
  ],
  "preservation": 0.9999999999998883,
  "orig_reach_total": 8.951816529035568,
  "surr_reach_total": 8.951816529035568,
  "inf_conservation": 0.9999999999998883,
  "edge_conservation": 0.999999999999986,
  "dominant_paths": [
    {
      "src": "SN_EMB",
      "tgt": "SN_05_L20_22",
      "weight": 14.875
    },
    {
      "src": "SN_EMB",
      "tgt": "SN_00_L1_7",
      "weight": 14.8125
    },
    {
      "src": "SN_EMB",
      "tgt": "SN_06_L22",
      "weight": 7.33203125
    },
    {
      "src": "SN_05_L20_22",
      "tgt": "SN_LOGIT",
      "weight": 7.0234375
    },
    {
      "src": "SN_EMB",
      "tgt": "SN_LOGIT",
      "weight": 4.6171875
    }
  ],
  "bottleneck_sns": [
    "SN_00_L1_7",
    "SN_05_L20_22",
    "SN_06_L22"
  ]
}