{
  "sn_names": [
    "SN_00_L1",
    "SN_01_L7",
    "SN_02_L16",
    "SN_03_L17",
    "SN_04_L18",
    "SN_05_L18_19",
    "SN_06_L20_22",
    "SN_07_L20_21",
    "SN_08_L22",
    "SN_EMB",
    "SN_LOGIT"
  ],
  "sn_adj": [
    [
      0.0,
      -0.9765625,
      0.0,
      0.0,
      0.0,
      0.0,
      -0.5390625,
      0.0,
      0.0,
      0.0,
      0.0
    ],
    [
      0.0,
      0.0,
      0.48046875,
      0.0,
      0.0,
      0.0,
      1.20703125,
      0.0,
      0.0,
      0.0,
      0.6875
    ],
    [
      0.0,
      0.0,
      0.0,
      0.0,
      0.0,
      0.0,
      1.890625,
      0.0,
      0.447265625,
      0.0,
      1.0859375
    ],
    [
      0.0,
      0.0,
      0.0,
      0.0,
      0.0,
      1.1875,
      0.0,
      0.8046875,
      0.0,
      0.0,
      1.15625
    ],
    [
      0.0,
      0.0,
      0.0,
      0.0,
      0.0,
      0.0,
      0.0,
      0.0,
      0.0,
      0.0,
      -0.5234375
    ],
    [
      0.0,
      0.0,
      0.0,
      0.0,
      0.0,
      0.0,
      0.0,
      0.9765625,
      0.0,
      0.0,
      2.03125
    ],
    [
      0.0,
      0.0,
      0.0,
      0.0,
      0.0,
      0.0,
      0.0,
      0.98828125,
      2.71875,
      0.0,
      4.234375
    ],
    [
      0.0,
      0.0,
      0.0,
      0.0,
      0.0,
      0.0,
      0.66015625,
      0.0,
      0.0,
      0.0,
      2.7890625
    ],
    [
      0.0,
      0.0,
      0.0,
      0.0,
      0.0,
      0.0,
      0.0,
      0.0,
      0.0,
      0.0,
      -2.181640625
    ],
    [
      9.6875,
      5.125,
      3.6396484375,
      2.8125,
      2.234375,
      2.380859375,
      11.3046875,
      3.5703125,
      7.33203125,
      0.0,
      4.6171875
    ],
    [
      0.0,
      0.0,
      0.0,
      0.0,
      0.0,
      0.0,
      0.0,
      0.0,
      0.0,
      0.0,
      0.0
    ]
  ],
  "F_sn": [
    [
      0.0,
      -0.20416666662020738,
      0.0,
      0.0,
      0.0,
      0.0,
      -0.11269999997435448,
      0.0,
      0.0,
      0.0,
      0.0
    ],
    [
      0.0,
      0.0,
      0.03843749999125333,
      0.0,
      0.0,
      0.0,
      0.09656249997802666,
      0.0,
      0.0,
      0.0,
      0.05499999998748444
    ],
    [
      0.0,
      0.0,
      0.0,
      0.0,
      0.0,
      0.0,
      0.10352222219866516,
      0.0,
      0.024490277772204878,
      0.0,
      0.0594611110975804
    ],
    [
      0.0,
      0.0,
      0.0,
      0.0,
      0.0,
      0.0616444444304169,
      0.0,
      0.04177222221271672,
      0.0,
      0.0,
      0.06002222220856383
    ],
    [
      0.0,
      0.0,
      0.0,
      0.0,
      0.0,
      0.0,
      0.0,
      0.0,
      0.0,
      0.0,
      -0.026986111104970272
    ],
    [
      0.0,
      0.0,
      0.0,
      0.0,
      0.0,
      0.0,
      0.0,
      0.04412615739736626,
      0.0,
      0.0,
      0.09178240738652181
    ],
    [
      0.0,
      0.0,
      0.0,
      0.0,
      0.0,
      0.0,
      0.0,
      0.08726157405421722,
      0.24005555550092958,
      0.0,
      0.37387962954455123
    ],
    [
      0.0,
      0.0,
      0.0,
      0.0,
      0.0,
      0.0,
      0.05539444443183913,
      0.0,
      0.0,
      0.0,
      0.23403333328007775
    ],
    [
      0.0,
      0.0,
      0.0,
      0.0,
      0.0,
      0.0,
      0.0,
      0.0,
      0.0,
      0.0,
      -0.11066574071555813
    ],
    [
      4.765353314763509,
      2.521025624584566,
      1.7903701415447175,
      1.3834896720281156,
      1.0991056838890028,
      1.1711624376404672,
      5.560859876179675,
      1.7562632781023577,
      3.606680714439962,
      0.0,
      2.271228878246156
    ],
    [
      0.0,
      0.0,
      0.0,
      0.0,
      0.0,
      0.0,
      0.0,
      0.0,
      0.0,
      0.0,
      0.0
    ]
  ],
  "sn_reach": [
    -0.060904788949669796,
    0.09433368533951517,
    0.09500462742793145,
    0.07700350976676769,
    -0.026986111104970272,
    0.1030126169017479,
    0.3695219768937222,
    0.254502805847571,
    -0.11066574071555813,
    4.689127682564501,
    0.0
  ],
  "sn_act_norm": [
    0.20906666661909237,
    0.07999999998179555,
    0.05475555554309562,
    0.05191111109929845,
    0.0515555555438238,
    0.045185185174903046,
    0.08829629627620399,
    0.08391111109201667,
    0.050725925914382956,
    0.49190743894332994,
    0.9999999997724445
  ],
  "preservation": 2.1732011547546795,
  "orig_reach_total": 2.5234434604644775,
  "surr_reach_total": 5.4839502639715585,
  "dominant_paths": [
    {
      "src": "SN_EMB",
      "tgt": "SN_06_L20_22",
      "weight": 5.560859876179675
    },
    {
      "src": "SN_EMB",
      "tgt": "SN_00_L1",
      "weight": 4.765353314763509
    },
    {
      "src": "SN_EMB",
      "tgt": "SN_08_L22",
      "weight": 3.606680714439962
    },
    {
      "src": "SN_EMB",
      "tgt": "SN_01_L7",
      "weight": 2.521025624584566
    },
    {
      "src": "SN_EMB",
      "tgt": "SN_LOGIT",
      "weight": 2.271228878246156
    }
  ],
  "bottleneck_sns": [
    "SN_00_L1",
    "SN_08_L22"
  ]
}